{
    "n_hidden1": 240,
    "n_hidden2": 24,
    "dropout1": 0.22444032632495703,
    "dropout2": 0.4869053416784574,
    "lr": 0.007576644332703777,
    "n_epochs": 175,
    "C1": 1.033418707897157,
    "activation": "elu",
    "optimizer": "adamw",
    "weight_decay": 3.734114520380608e-06
}