{
    "n_hidden1": 16,
    "n_hidden2": 72,
    "dropout1": 0.08778588096739076,
    "dropout2": 0.11021042758425784,
    "lr": 0.0073947540811892505,
    "n_epochs": 75,
    "C1": 4.2092688363251085,
    "activation": "elu",
    "optimizer": "adamw",
    "weight_decay": 4.828386792143899e-05
}