bin,n,mean_score,event_rate
0,319,-0.018187369780286143,0.08150470219435736
1,316,-0.018187187412893678,0.14556962025316456
2,348,-0.018187071439977453,0.14942528735632185
3,289,-0.018186980933220825,0.18339100346020762
4,351,-0.018186785413503055,0.21937321937321938
5,281,-0.01818655281766942,0.302491103202847
6,317,-0.018186147516142774,0.43217665615141954
7,317,-0.016254668284864503,0.5646687697160884
8,317,0.009005195983793611,0.5299684542586751
9,318,0.13424885231811384,0.6415094339622641
