{
    "baseline_score": 0.7342848122864958,
    "feature_importances": {
        "Nmut": 0.06977163689129606,
        "HB": 0.040894582330907814,
        "BM_BLAST": 0.028373667192203134,
        "PLT": 0.027311202265749013,
        "LEN_max": 0.015808658639198114,
        "n_events": 0.006440649403609222,
        "ANC": 0.005463428332417419,
        "LEN_avg": 0.0042547143597757575,
        "n_chromosomes_altered": 0.0037586129561680837,
        "VAF_avg": 0.003433747853208713,
        "WBC": 0.0031118908166123393,
        "LEN_std": 0.0026797196883789898,
        "has_minus7_or_del7q": 0.0022918534165118354,
        "has_minus5_or_del5q": 0.0018123892734143165,
        "VAF_max": 0.0017409396030277913,
        "has_plus8": 0.0011263879157316081,
        "VAF_std": 0.0010877687540514769,
        "MONOCYTES": 0.0006960128755284511,
        "has_any_abnormality": -0.0004151250208357382,
        "is_monosomal_karyotype": -7.660363123118685e-05
    }
}